{
  "id": "3208006",
  "name": "服创",
  "font_family": "iconfont",
  "css_prefix_text": "icon-",
  "description": "",
  "glyphs": [
    {
      "icon_id": "10357051",
      "name": "用户",
      "font_class": "yonghu",
      "unicode": "e69f",
      "unicode_decimal": 59039
    },
    {
      "icon_id": "7900742",
      "name": "促销活动-活动列表",
      "font_class": "cuxiaohuodong-huodongliebiao",
      "unicode": "e600",
      "unicode_decimal": 58880
    },
    {
      "icon_id": "7937262",
      "name": "人民币",
      "font_class": "renminbi",
      "unicode": "e65d",
      "unicode_decimal": 58973
    },
    {
      "icon_id": "11137670",
      "name": "活动列表",
      "font_class": "huodongliebiao",
      "unicode": "e606",
      "unicode_decimal": 58886
    },
    {
      "icon_id": "11852268",
      "name": "已完成",
      "font_class": "yiwancheng",
      "unicode": "e618",
      "unicode_decimal": 58904
    },
    {
      "icon_id": "22325363",
      "name": "商品发布",
      "font_class": "shangpinfabu",
      "unicode": "e610",
      "unicode_decimal": 58896
    },
    {
      "icon_id": "6425592",
      "name": "修改密码",
      "font_class": "xiugaimima",
      "unicode": "e61e",
      "unicode_decimal": 58910
    },
    {
      "icon_id": "15838429",
      "name": "arrow-down",
      "font_class": "arrow-down",
      "unicode": "e665",
      "unicode_decimal": 58981
    }
  ]
}
